<?xml version='1.0' encoding='utf-8'?>
<MixxxControllerPreset mixxxVersion="" schemaVersion="1">
    <info>
        <name>X1-takeover-config-v0001(with comments)</name>
    </info>
    <controller id="">
        <scriptfiles/>
        <controls>
            <control>
                <group>[EqualizerRack1_[Channel1]_Effect1]</group>
                <key>parameter3</key>
                <description>FX Knob (L)</description>
                <status>0xB0</status>
                <midino>0x00</midino>
                <options>
                    <normal/>
                </options>
            </control>
            <control>
                <group>[EqualizerRack1_[Channel2]_Effect1]</group>
                <key>parameter3</key>
                <description>FX2 Knob (R)</description>
                <status>0xB0</status>
                <midino>0x01</midino>
                <options>
                    <normal/>
                </options>
            </control>
            <control>
                <group>[EqualizerRack1_[Channel1]_Effect1]</group>
                <key>parameter2</key>
                <description>FX1 Knob (L)</description>
                <status>0xB0</status>
                <midino>0x02</midino>
                <options>
                    <normal/>
                </options>
            </control>
            <control>
                <group>[EqualizerRack1_[Channel2]_Effect1]</group>
                <key>parameter2</key>
                <description>FX1 Knob (R)</description>
                <status>0xB0</status>
                <midino>0x03</midino>
                <options>
                    <normal/>
                </options>
            </control>
            <control>
                <group>[EqualizerRack1_[Channel1]_Effect1]</group>
                <key>parameter1</key>
                <description>FX2 Knob (L)</description>
                <status>0xB0</status>
                <midino>0x04</midino>
                <options>
                    <normal/>
                </options>
            </control>
            <control>
                <group>[EqualizerRack1_[Channel2]_Effect1]</group>
                <key>parameter1</key>
                <description>FX2 Knob (R)</description>
                <status>0xB0</status>
                <midino>0x05</midino>
                <options>
                    <normal/>
                </options>
            </control>
            <control>
                <group>[QuickEffectRack1_[Channel1]]</group>
                <key>super1</key>
                <description>FX3 Knob (L)</description>
                <status>0xB0</status>
                <midino>0x06</midino>
                <options>
                    <normal/>
                </options>
            </control>
            <control>
                <group>[QuickEffectRack1_[Channel2]]</group>
                <key>super1</key>
                <description>FX3 Knob (R)</description>
                <status>0xB0</status>
                <midino>0x07</midino>
                <options>
                    <normal/>
                </options>
            </control>
            <control>
                <group>[EqualizerRack1_[Channel1]_Effect1]</group>
                <key>button_parameter3</key>
                <description>FX Button (L)</description>
                <status>0xB0</status>
                <midino>0x08</midino>
                <options>
                    <normal/>
                </options>
            </control>
            <control>
                <group>[EqualizerRack1_[Channel2]_Effect1]</group>
                <key>button_parameter3</key>
                <description>FX Button (R)</description>
                <status>0xB0</status>
                <midino>0x09</midino>
                <options>
                    <normal/>
                </options>
            </control>
            <control>
                <group>[EqualizerRack1_[Channel1]_Effect1]</group>
                <key>button_parameter2</key>
                <description>FX1 Button (L)</description>
                <status>0xB0</status>
                <midino>0x0A</midino>
                <options>
                    <normal/>
                </options>
            </control>
            <control>
                <group>[EqualizerRack1_[Channel2]_Effect1]</group>
                <key>button_parameter2</key>
                <description>FX1 Button (R)</description>
                <status>0xB0</status>
                <midino>0x0B</midino>
                <options>
                    <normal/>
                </options>
            </control>
            <control>
                <group>[EqualizerRack1_[Channel1]_Effect1]</group>
                <key>button_parameter1</key>
                <description>FX2 Button (L)</description>
                <status>0xB0</status>
                <midino>0x0C</midino>
                <options>
                    <normal/>
                </options>
            </control>
            <control>
                <group>[EqualizerRack1_[Channel2]_Effect1]</group>
                <key>button_parameter1</key>
                <description>FX2 Button (R)</description>
                <status>0xB0</status>
                <midino>0x0D</midino>
                <options>
                    <normal/>
                </options>
            </control>
            <control>
                <group>[QuickEffectRack1_[Channel1]_Effect1]</group>
                <key>enabled</key>
                <description>FX3 Button (L)</description>
                <status>0xB0</status>
                <midino>0x0E</midino>
                <options>
                    <normal/>
                </options>
            </control>
            <control>
                <group>[QuickEffectRack1_[Channel2]_Effect1]</group>
                <key>enabled</key>
                <description>MIDI Learned from 2 messages.</description>
                <status>0xB0</status>
                <midino>0x0F</midino>
                <options>
                    <normal/>
                </options>
            </control>
            <control>
                <group>[QuickEffectRack1_[Channel2]_Effect1]</group>
                <key>enabled</key>
                <description>FX3 Button (R)</description>
                <status>0xB0</status>
                <midino>0x0F</midino>
                <options>
                    <normal/>
                </options>
            </control>
            <control>
                <group>[Library]</group>
                <key>MoveVertical</key>
                <description>Browse Knob - Spin</description>
                <status>0xB0</status>
                <midino>0x10</midino>
                <options>
                    <selectknob/>
                </options>
            </control>
            <control>
                <group>[Library]</group>
                <key>GoToItem</key>
                <description>Browse Knob - Push</description>
                <status>0x90</status>
                <midino>0x11</midino>
                <options>
                    <normal/>
                </options>
            </control>
            <control>
                <group>[Library]</group>
                <key>MoveFocus</key>
                <description>MIDI Learned from 10 messages.</description>
                <status>0xB0</status>
                <midino>0x11</midino>
                <options>
                    <selectknob/>
                </options>
            </control>
            <control>
                <group>[Channel1]</group>
                <key>LoadSelectedTrack</key>
                <description>Load Arrow Button (L)</description>
                <status>0x90</status>
                <midino>0x12</midino>
                <options>
                    <normal/>
                </options>
            </control>
            <control>
                <group>[Library]</group>
                <key>GoToItem</key>
                <description>MIDI Learned from 2 messages.</description>
                <status>0xB0</status>
                <midino>0x12</midino>
                <options>
                    <normal/>
                </options>
            </control>
            <control>
                <group>[Channel2]</group>
                <key>LoadSelectedTrack</key>
                <description>Load Arrow Button (R)</description>
                <status>0x90</status>
                <midino>0x13</midino>
                <options>
                    <normal/>
                </options>
            </control>
            <control>
                <group>[Master]</group>
                <key>maximize_library</key>
                <description>MIDI Learned from 2 messages.</description>
                <status>0xB0</status>
                <midino>0x13</midino>
                <options>
                    <normal/>
                </options>
            </control>
            <control>
                <group>[EffectRack1_EffectUnit1]</group>
                <key>group_[Channel1]_enable</key>
                <description>FX-(L)(L)</description>
                <status>0xB0</status>
                <midino>0x14</midino>
                <options>
                    <normal/>
                </options>
            </control>
            <control>
                <group>[EffectRack1_EffectUnit1]</group>
                <key>group_[Channel2]_enable</key>
                <description>FX-(R)(L)</description>
                <status>0xB0</status>
                <midino>0x15</midino>
                <options>
                    <normal/>
                </options>
            </control>
            <control>
                <group>[EffectRack1_EffectUnit2]</group>
                <key>group_[Channel1]_enable</key>
                <description>FX-(L)(R)</description>
                <status>0xB0</status>
                <midino>0x16</midino>
                <options>
                    <normal/>
                </options>
            </control>
            <control>
                <group>[EffectRack1_EffectUnit2]</group>
                <key>group_[Channel2]_enable</key>
                <description>FX-(R)(R)</description>
                <status>0xB0</status>
                <midino>0x17</midino>
                <options>
                    <normal/>
                </options>
            </control>
            <control>
                <group>[Channel1]</group>
                <key>reloop_toggle</key>
                <description>MIDI Learned from 2 messages.</description>
                <status>0xB0</status>
                <midino>0x18</midino>
                <options>
                    <normal/>
                </options>
            </control>
            <control>
                <group>[Channel2]</group>
                <key>reloop_toggle</key>
                <description>MIDI Learned from 2 messages.</description>
                <status>0xB0</status>
                <midino>0x19</midino>
                <options>
                    <normal/>
                </options>
            </control>
            <control>
                <group>[Channel1]</group>
                <key>reloop_toggle</key>
                <description>Push - Knob (L)</description>
                <status>0x90</status>
                <midino>0x1A</midino>
                <options>
                    <normal/>
                </options>
            </control>
            <control>
                <group>[Channel2]</group>
                <key>reloop_toggle</key>
                <description>Push - Knob (R)</description>
                <status>0x90</status>
                <midino>0x1B</midino>
                <options>
                    <normal/>
                </options>
            </control>
            <control>
                <group>[Channel1]</group>
                <key>loop_in</key>
                <description>MIDI Learned from 2 messages.</description>
                <status>0xB0</status>
                <midino>0x1C</midino>
                <options>
                    <normal/>
                </options>
            </control>
            <control>
                <group>[Master]</group>
                <key>crossfader_set_default</key>
                <description>Slider (Tap it in the center)</description>
                <status>0x90</status>
                <midino>0x1D</midino>
                <options>
                    <normal/>
                </options>
            </control>
            <control>
                <group>[Channel2]</group>
                <key>loop_in</key>
                <description>MIDI Learned from 2 messages.</description>
                <status>0xB0</status>
                <midino>0x1D</midino>
                <options>
                    <normal/>
                </options>
            </control>
            <control>
                <group>[Channel1]</group>
                <key>hotcue_1_activate</key>
                <description>Hotcue 1 (L)</description>
                <status>0x90</status>
                <midino>0x1E</midino>
                <options>
                    <normal/>
                </options>
            </control>
            <control>
                <group>[Channel1]</group>
                <key>loop_out</key>
                <description>MIDI Learned from 2 messages.</description>
                <status>0xB0</status>
                <midino>0x1E</midino>
                <options>
                    <normal/>
                </options>
            </control>
            <control>
                <group>[Channel2]</group>
                <key>hotcue_1_activate</key>
                <description>Hotcue 1 (R)</description>
                <status>0x90</status>
                <midino>0x1F</midino>
                <options>
                    <normal/>
                </options>
            </control>
            <control>
                <group>[Channel2]</group>
                <key>loop_out</key>
                <description>MIDI Learned from 2 messages.</description>
                <status>0xB0</status>
                <midino>0x1F</midino>
                <options>
                    <normal/>
                </options>
            </control>
            <control>
                <group>[Channel1]</group>
                <key>hotcue_2_activate</key>
                <description>Hotcue 2 (L)</description>
                <status>0x90</status>
                <midino>0x20</midino>
                <options>
                    <normal/>
                </options>
            </control>
            <control>
                <group>[Channel1]</group>
                <key>beatjump_backward</key>
                <description>MIDI Learned from 2 messages.</description>
                <status>0xB0</status>
                <midino>0x20</midino>
                <options>
                    <normal/>
                </options>
            </control>
            <control>
                <group>[Channel2]</group>
                <key>hotcue_2_activate</key>
                <description>Hotcue 2 (R)</description>
                <status>0x90</status>
                <midino>0x21</midino>
                <options>
                    <normal/>
                </options>
            </control>
            <control>
                <group>[Channel2]</group>
                <key>beatjump_backward</key>
                <description>MIDI Learned from 2 messages.</description>
                <status>0xB0</status>
                <midino>0x21</midino>
                <options>
                    <normal/>
                </options>
            </control>
            <control>
                <group>[Channel1]</group>
                <key>hotcue_3_activate</key>
                <description>Hotcue 3 (L)</description>
                <status>0x90</status>
                <midino>0x22</midino>
                <options>
                    <normal/>
                </options>
            </control>
            <control>
                <group>[Channel1]</group>
                <key>beatjump_forward</key>
                <description>MIDI Learned from 2 messages.</description>
                <status>0xB0</status>
                <midino>0x22</midino>
                <options>
                    <normal/>
                </options>
            </control>
            <control>
                <group>[Channel2]</group>
                <key>hotcue_3_activate</key>
                <description>Hotcue 3 (R)</description>
                <status>0x90</status>
                <midino>0x23</midino>
                <options>
                    <normal/>
                </options>
            </control>
            <control>
                <group>[Channel2]</group>
                <key>beatjump_forward</key>
                <description>MIDI Learned from 2 messages.</description>
                <status>0xB0</status>
                <midino>0x23</midino>
                <options>
                    <normal/>
                </options>
            </control>
            <control>
                <group>[Channel1]</group>
                <key>hotcue_4_activate</key>
                <description>Hotcue 4 (L)</description>
                <status>0x90</status>
                <midino>0x24</midino>
                <options>
                    <normal/>
                </options>
            </control>
            <control>
                <group>[Channel1]</group>
                <key>cue_default</key>
                <description>MIDI Learned from 2 messages.</description>
                <status>0xB0</status>
                <midino>0x24</midino>
                <options>
                    <normal/>
                </options>
            </control>
            <control>
                <group>[Channel2]</group>
                <key>hotcue_4_activate</key>
                <description>Hotcue 4 (R)</description>
                <status>0x90</status>
                <midino>0x25</midino>
                <options>
                    <normal/>
                </options>
            </control>
            <control>
                <group>[Channel2]</group>
                <key>cue_default</key>
                <description>MIDI Learned from 2 messages.</description>
                <status>0xB0</status>
                <midino>0x25</midino>
                <options>
                    <normal/>
                </options>
            </control>
            <control>
                <group>[Channel1]</group>
                <key>beats_translate_curpos</key>
                <description>MIDI Learned from 2 messages.</description>
                <status>0xB0</status>
                <midino>0x26</midino>
                <options>
                    <normal/>
                </options>
            </control>
            <control>
                <group>[Channel2]</group>
                <key>beats_translate_curpos</key>
                <description>MIDI Learned from 2 messages.</description>
                <status>0xB0</status>
                <midino>0x27</midino>
                <options>
                    <normal/>
                </options>
            </control>
            <control>
                <group>[Channel1]</group>
                <key>sync_enabled</key>
                <description>Sync Button (L)</description>
                <status>0x90</status>
                <midino>0x28</midino>
                <options>
                    <normal/>
                </options>
            </control>
            <control>
                <group>[Channel1]</group>
                <key>play</key>
                <description>MIDI Learned from 2 messages.</description>
                <status>0xB0</status>
                <midino>0x28</midino>
                <options>
                    <normal/>
                </options>
            </control>
            <control>
                <group>[Channel2]</group>
                <key>sync_enabled</key>
                <description>Sync Button (R)</description>
                <status>0x90</status>
                <midino>0x29</midino>
                <options>
                    <normal/>
                </options>
            </control>
            <control>
                <group>[Channel2]</group>
                <key>play</key>
                <description>MIDI Learned from 2 messages.</description>
                <status>0xB0</status>
                <midino>0x29</midino>
                <options>
                    <normal/>
                </options>
            </control>
            <control>
                <group>[Channel1]</group>
                <key>cue_default</key>
                <description>Cue Button (L)</description>
                <status>0x90</status>
                <midino>0x2A</midino>
                <options>
                    <normal/>
                </options>
            </control>
            <control>
                <group>[Channel1]</group>
                <key>sync_enabled</key>
                <description>MIDI Learned from 4 messages.</description>
                <status>0xB0</status>
                <midino>0x2A</midino>
                <options>
                    <normal/>
                </options>
            </control>
            <control>
                <group>[Channel2]</group>
                <key>cue_default</key>
                <description>Cue Button (R)</description>
                <status>0x90</status>
                <midino>0x2B</midino>
                <options>
                    <normal/>
                </options>
            </control>
            <control>
                <group>[Channel2]</group>
                <key>sync_enabled</key>
                <description>MIDI Learned from 2 messages.</description>
                <status>0xB0</status>
                <midino>0x2B</midino>
                <options>
                    <normal/>
                </options>
            </control>
            <control>
                <group>[Channel1]</group>
                <key>play</key>
                <description>Play Button (L)</description>
                <status>0x90</status>
                <midino>0x2C</midino>
                <options>
                    <normal/>
                </options>
            </control>
            <control>
                <group>[Channel1]</group>
                <key>pregain</key>
                <description>Shift + FX Knob (L)</description>
                <status>0xB0</status>
                <midino>0x2C</midino>
                <options>
                    <normal/>
                </options>
            </control>
            <control>
                <group>[Channel2]</group>
                <key>play</key>
                <description>Play Button (R)</description>
                <status>0x90</status>
                <midino>0x2D</midino>
                <options>
                    <normal/>
                </options>
            </control>
            <control>
                <group>[Channel2]</group>
                <key>pregain</key>
                <description>Shift + FX Knob (R)</description>
                <status>0xB0</status>
                <midino>0x2D</midino>
                <options>
                    <normal/>
                </options>
            </control>
            <control>
                <group>[Channel1]</group>
                <key>rate</key>
                <description>Shift + FX2 Knob (L)</description>
                <status>0xB0</status>
                <midino>0x30</midino>
                <options>
                    <normal/>
                </options>
            </control>
            <control>
                <group>[Channel2]</group>
                <key>rate</key>
                <description>Shift + FX2 Knob (R)</description>
                <status>0xB0</status>
                <midino>0x31</midino>
                <options>
                    <normal/>
                </options>
            </control>
            <control>
                <group>[Channel1]</group>
                <key>volume</key>
                <description>Shift + FX3 Knob (L)</description>
                <status>0xB0</status>
                <midino>0x32</midino>
                <options>
                    <normal/>
                </options>
            </control>
            <control>
                <group>[Channel2]</group>
                <key>volume</key>
                <description>Shift + FX3 Knob (R)</description>
                <status>0xB0</status>
                <midino>0x33</midino>
                <options>
                    <normal/>
                </options>
            </control>
            <control>
                <group>[EqualizerRack1_[Channel1]_Effect1]</group>
                <key>parameter3_set_default</key>
                <description>Shift + FX Button (L)</description>
                <status>0xB0</status>
                <midino>0x34</midino>
                <options>
                    <normal/>
                </options>
            </control>
            <control>
                <group>[EqualizerRack1_[Channel2]_Effect1]</group>
                <key>parameter3_set_default</key>
                <description>Shift + FX Button (R)</description>
                <status>0xB0</status>
                <midino>0x35</midino>
                <options>
                    <normal/>
                </options>
            </control>
            <control>
                <group>[EqualizerRack1_[Channel1]_Effect1]</group>
                <key>parameter2_set_default</key>
                <description>Shift + FX1 Button (L)</description>
                <status>0xB0</status>
                <midino>0x36</midino>
                <options>
                    <normal/>
                </options>
            </control>
            <control>
                <group>[EqualizerRack1_[Channel2]_Effect1]</group>
                <key>parameter2_set_default</key>
                <description>Shift + FX1 Button (R)</description>
                <status>0xB0</status>
                <midino>0x37</midino>
                <options>
                    <normal/>
                </options>
            </control>
            <control>
                <group>[EqualizerRack1_[Channel1]_Effect1]</group>
                <key>parameter1_set_default</key>
                <description>Shift + FX2 Button (L)</description>
                <status>0xB0</status>
                <midino>0x38</midino>
                <options>
                    <normal/>
                </options>
            </control>
            <control>
                <group>[EqualizerRack1_[Channel2]_Effect1]</group>
                <key>parameter1_set_default</key>
                <description>Shift + FX2 Button (R)</description>
                <status>0xB0</status>
                <midino>0x39</midino>
                <options>
                    <normal/>
                </options>
            </control>
            <control>
                <group>[Channel1]</group>
                <key>volume_set_default</key>
                <description>Shift + FX3 Button (L)</description>
                <status>0xB0</status>
                <midino>0x3A</midino>
                <options>
                    <normal/>
                </options>
            </control>
            <control>
                <group>[Channel2]</group>
                <key>volume_set_default</key>
                <description>Shift + FX3 Button (R)</description>
                <status>0xB0</status>
                <midino>0x3B</midino>
                <options>
                    <normal/>
                </options>
            </control>
            <control>
                <group>[Library]</group>
                <key>MoveFocus</key>
                <description>Shift + Browse Knob - Push</description>
                <status>0x90</status>
                <midino>0x3D</midino>
                <options>
                    <normal/>
                </options>
            </control>
            <control>
                <group>[Channel1]</group>
                <key>LoadSelectedTrack</key>
                <description>MIDI Learned from 2 messages.</description>
                <status>0xB0</status>
                <midino>0x3E</midino>
                <options>
                    <normal/>
                </options>
            </control>
            <control>
                <group>[Channel2]</group>
                <key>LoadSelectedTrack</key>
                <description>MIDI Learned from 2 messages.</description>
                <status>0xB0</status>
                <midino>0x3F</midino>
                <options>
                    <normal/>
                </options>
            </control>
            <control>
                <group>[Channel1]</group>
                <key>beatloop_activate</key>
                <description>MIDI Learned from 2 messages.</description>
                <status>0xB0</status>
                <midino>0x44</midino>
                <options>
                    <normal/>
                </options>
            </control>
            <control>
                <group>[Channel2]</group>
                <key>beatloop_activate</key>
                <description>MIDI Learned from 2 messages.</description>
                <status>0xB0</status>
                <midino>0x45</midino>
                <options>
                    <normal/>
                </options>
            </control>
            <control>
                <group>[Channel1]</group>
                <key>beatloop_activate</key>
                <description>Shift + Push - Knob (L)</description>
                <status>0x90</status>
                <midino>0x46</midino>
                <options>
                    <normal/>
                </options>
            </control>
            <control>
                <group>[Channel2]</group>
                <key>beatloop_activate</key>
                <description>Shift + Push - Knob (R)</description>
                <status>0x90</status>
                <midino>0x47</midino>
                <options>
                    <normal/>
                </options>
            </control>
            <control>
                <group>[Channel1]</group>
                <key>hotcue_1_activate</key>
                <description>MIDI Learned from 2 messages.</description>
                <status>0xB0</status>
                <midino>0x48</midino>
                <options>
                    <normal/>
                </options>
            </control>
            <control>
                <group>[Channel2]</group>
                <key>hotcue_1_activate</key>
                <description>MIDI Learned from 2 messages.</description>
                <status>0xB0</status>
                <midino>0x49</midino>
                <options>
                    <normal/>
                </options>
            </control>
            <control>
                <group>[Channel1]</group>
                <key>hotcue_5_activate</key>
                <description>Shift + Hotcue 1 (L)</description>
                <status>0x90</status>
                <midino>0x4A</midino>
                <options>
                    <normal/>
                </options>
            </control>
            <control>
                <group>[Channel1]</group>
                <key>hotcue_5_activate</key>
                <description>MIDI Learned from 2 messages.</description>
                <status>0xB0</status>
                <midino>0x4A</midino>
                <options>
                    <normal/>
                </options>
            </control>
            <control>
                <group>[Channel2]</group>
                <key>hotcue_5_activate</key>
                <description>Shift + Hotcue 1 (R)</description>
                <status>0x90</status>
                <midino>0x4B</midino>
                <options>
                    <normal/>
                </options>
            </control>
            <control>
                <group>[Channel2]</group>
                <key>hotcue_5_activate</key>
                <description>MIDI Learned from 2 messages.</description>
                <status>0xB0</status>
                <midino>0x4B</midino>
                <options>
                    <normal/>
                </options>
            </control>
            <control>
                <group>[Channel1]</group>
                <key>hotcue_6_activate</key>
                <description>Shift + Hotcue 2 (L)</description>
                <status>0x90</status>
                <midino>0x4C</midino>
                <options>
                    <normal/>
                </options>
            </control>
            <control>
                <group>[Channel1]</group>
                <key>hotcue_2_activate</key>
                <description>MIDI Learned from 2 messages.</description>
                <status>0xB0</status>
                <midino>0x4C</midino>
                <options>
                    <normal/>
                </options>
            </control>
            <control>
                <group>[Channel2]</group>
                <key>hotcue_6_activate</key>
                <description>Shift + Hotcue 2 (R)</description>
                <status>0x90</status>
                <midino>0x4D</midino>
                <options>
                    <normal/>
                </options>
            </control>
            <control>
                <group>[Channel2]</group>
                <key>hotcue_2_activate</key>
                <description>MIDI Learned from 2 messages.</description>
                <status>0xB0</status>
                <midino>0x4D</midino>
                <options>
                    <normal/>
                </options>
            </control>
            <control>
                <group>[Channel1]</group>
                <key>hotcue_7_activate</key>
                <description>Shift + Hotcue 3 (L)</description>
                <status>0x90</status>
                <midino>0x4E</midino>
                <options>
                    <normal/>
                </options>
            </control>
            <control>
                <group>[Channel1]</group>
                <key>hotcue_6_activate</key>
                <description>MIDI Learned from 2 messages.</description>
                <status>0xB0</status>
                <midino>0x4E</midino>
                <options>
                    <normal/>
                </options>
            </control>
            <control>
                <group>[Channel2]</group>
                <key>hotcue_7_activate</key>
                <description>Shift + Hotcue 3 (R)</description>
                <status>0x90</status>
                <midino>0x4F</midino>
                <options>
                    <normal/>
                </options>
            </control>
            <control>
                <group>[Channel2]</group>
                <key>hotcue_6_activate</key>
                <description>MIDI Learned from 2 messages.</description>
                <status>0xB0</status>
                <midino>0x4F</midino>
                <options>
                    <normal/>
                </options>
            </control>
            <control>
                <group>[Channel1]</group>
                <key>hotcue_8_activate</key>
                <description>Shift + Hotcue 4 (L)</description>
                <status>0x90</status>
                <midino>0x50</midino>
                <options>
                    <normal/>
                </options>
            </control>
            <control>
                <group>[Channel1]</group>
                <key>hotcue_3_activate</key>
                <description>MIDI Learned from 2 messages.</description>
                <status>0xB0</status>
                <midino>0x50</midino>
                <options>
                    <normal/>
                </options>
            </control>
            <control>
                <group>[Channel2]</group>
                <key>hotcue_8_activate</key>
                <description>Shift + Hotcue 4 (R)</description>
                <status>0x90</status>
                <midino>0x51</midino>
                <options>
                    <normal/>
                </options>
            </control>
            <control>
                <group>[Channel2]</group>
                <key>hotcue_3_activate</key>
                <description>MIDI Learned from 2 messages.</description>
                <status>0xB0</status>
                <midino>0x51</midino>
                <options>
                    <normal/>
                </options>
            </control>
            <control>
                <group>[Channel1]</group>
                <key>hotcue_7_activate</key>
                <description>MIDI Learned from 2 messages.</description>
                <status>0xB0</status>
                <midino>0x52</midino>
                <options>
                    <normal/>
                </options>
            </control>
            <control>
                <group>[Channel2]</group>
                <key>hotcue_7_activate</key>
                <description>MIDI Learned from 2 messages.</description>
                <status>0xB0</status>
                <midino>0x53</midino>
                <options>
                    <normal/>
                </options>
            </control>
            <control>
                <group>[Channel1]</group>
                <key>rate_set_default</key>
                <description>Shift + Sync (L)</description>
                <status>0x90</status>
                <midino>0x54</midino>
                <options>
                    <normal/>
                </options>
            </control>
            <control>
                <group>[Channel1]</group>
                <key>hotcue_4_activate</key>
                <description>MIDI Learned from 2 messages.</description>
                <status>0xB0</status>
                <midino>0x54</midino>
                <options>
                    <normal/>
                </options>
            </control>
            <control>
                <group>[Channel2]</group>
                <key>rate_set_default</key>
                <description>Shift + Sync (R)</description>
                <status>0x90</status>
                <midino>0x55</midino>
                <options>
                    <normal/>
                </options>
            </control>
            <control>
                <group>[Channel2]</group>
                <key>hotcue_4_activate</key>
                <description>MIDI Learned from 2 messages.</description>
                <status>0xB0</status>
                <midino>0x55</midino>
                <options>
                    <normal/>
                </options>
            </control>
            <control>
                <group>[Channel1]</group>
                <key>hotcue_8_activate</key>
                <description>MIDI Learned from 2 messages.</description>
                <status>0xB0</status>
                <midino>0x56</midino>
                <options>
                    <normal/>
                </options>
            </control>
            <control>
                <group>[Channel2]</group>
                <key>hotcue_8_activate</key>
                <description>MIDI Learned from 2 messages.</description>
                <status>0xB0</status>
                <midino>0x57</midino>
                <options>
                    <normal/>
                </options>
            </control>
        </controls>
        <outputs>
            <output>
                <group>[Channel1]</group>
                <key>beatjump_backward</key>
                <description>[Channel1],beatjump_backward</description>
                <status>0xB0</status>
                <midino>0x20</midino>
                <on>0x00</on>
                <off>0x7F</off>
                <maximum>0</maximum>
            </output>
            <output>
                <group>[Channel1]</group>
                <key>beatjump_forward</key>
                <description>[Channel1],beatjump_forward</description>
                <status>0xB0</status>
                <midino>0x22</midino>
                <on>0x00</on>
                <off>0x7F</off>
                <maximum>0</maximum>
            </output>
            <output>
                <group>[Channel1]</group>
                <key>cue_default</key>
                <description>[Channel1],cue_default</description>
                <status>0xB0</status>
                <midino>0x24</midino>
                <on>0x00</on>
                <off>0x7F</off>
                <maximum>0</maximum>
            </output>
            <output>
                <group>[Channel1]</group>
                <key>hotcue_1_activate</key>
                <description>[Channel1],hotcue_1_activate</description>
                <status>0xB0</status>
                <midino>0x48</midino>
                <on>0x00</on>
                <off>0x7F</off>
                <maximum>0</maximum>
            </output>
            <output>
                <group>[Channel1]</group>
                <key>hotcue_2_activate</key>
                <description>[Channel1],hotcue_2_activate</description>
                <status>0xB0</status>
                <midino>0x4C</midino>
                <on>0x00</on>
                <off>0x7F</off>
                <maximum>0</maximum>
            </output>
            <output>
                <group>[Channel1]</group>
                <key>hotcue_3_activate</key>
                <description>[Channel1],hotcue_3_activate</description>
                <status>0xB0</status>
                <midino>0x50</midino>
                <on>0x00</on>
                <off>0x7F</off>
                <maximum>0</maximum>
            </output>
            <output>
                <group>[Channel1]</group>
                <key>hotcue_4_activate</key>
                <description>[Channel1],hotcue_4_activate</description>
                <status>0xB0</status>
                <midino>0x54</midino>
                <on>0x00</on>
                <off>0x7F</off>
                <maximum>0</maximum>
            </output>
            <output>
                <group>[Channel1]</group>
                <key>hotcue_5_activate</key>
                <description>[Channel1],hotcue_5_activate</description>
                <status>0xB0</status>
                <midino>0x4A</midino>
                <on>0x00</on>
                <off>0x7F</off>
                <maximum>0</maximum>
            </output>
            <output>
                <group>[Channel1]</group>
                <key>hotcue_6_activate</key>
                <description>[Channel1],hotcue_6_activate</description>
                <status>0xB0</status>
                <midino>0x4E</midino>
                <on>0x00</on>
                <off>0x7F</off>
                <maximum>0</maximum>
            </output>
            <output>
                <group>[Channel1]</group>
                <key>hotcue_7_activate</key>
                <description>[Channel1],hotcue_7_activate</description>
                <status>0xB0</status>
                <midino>0x52</midino>
                <on>0x00</on>
                <off>0x7F</off>
                <maximum>0</maximum>
            </output>
            <output>
                <group>[Channel1]</group>
                <key>hotcue_8_activate</key>
                <description>[Channel1],hotcue_8_activate</description>
                <status>0xB0</status>
                <midino>0x56</midino>
                <on>0x00</on>
                <off>0x7F</off>
                <maximum>0</maximum>
            </output>
            <output>
                <group>[Channel1]</group>
                <key>play</key>
                <description>Play (L)</description>
                <status>0x90</status>
                <midino>0x2C</midino>
                <on>0x00</on>
                <off>0x7F</off>
                <maximum>0</maximum>
            </output>
            <output>
                <group>[Channel1]</group>
                <key>play</key>
                <description>[Channel1],play</description>
                <status>0xB0</status>
                <midino>0x28</midino>
                <on>0x00</on>
                <off>0x7F</off>
                <maximum>0</maximum>
            </output>
            <output>
                <group>[Channel1]</group>
                <key>sync_enabled</key>
                <description>[Channel1],sync_enabled</description>
                <status>0xB0</status>
                <midino>0x2A</midino>
                <on>0x00</on>
                <off>0x7F</off>
                <maximum>0</maximum>
            </output>
            <output>
                <group>[Channel2]</group>
                <key>beatjump_backward</key>
                <description>[Channel2],beatjump_backward</description>
                <status>0xB0</status>
                <midino>0x21</midino>
                <on>0x00</on>
                <off>0x7F</off>
                <maximum>0</maximum>
            </output>
            <output>
                <group>[Channel2]</group>
                <key>beatjump_forward</key>
                <description>[Channel2],beatjump_forward</description>
                <status>0xB0</status>
                <midino>0x23</midino>
                <on>0x00</on>
                <off>0x7F</off>
                <maximum>0</maximum>
            </output>
            <output>
                <group>[Channel2]</group>
                <key>cue_default</key>
                <description>[Channel2],cue_default</description>
                <status>0xB0</status>
                <midino>0x25</midino>
                <on>0x00</on>
                <off>0x7F</off>
                <maximum>0</maximum>
            </output>
            <output>
                <group>[Channel2]</group>
                <key>hotcue_1_activate</key>
                <description>[Channel2],hotcue_1_activate</description>
                <status>0xB0</status>
                <midino>0x49</midino>
                <on>0x00</on>
                <off>0x7F</off>
                <maximum>0</maximum>
            </output>
            <output>
                <group>[Channel2]</group>
                <key>hotcue_2_activate</key>
                <description>[Channel2],hotcue_2_activate</description>
                <status>0xB0</status>
                <midino>0x4D</midino>
                <on>0x00</on>
                <off>0x7F</off>
                <maximum>0</maximum>
            </output>
            <output>
                <group>[Channel2]</group>
                <key>hotcue_3_activate</key>
                <description>[Channel2],hotcue_3_activate</description>
                <status>0xB0</status>
                <midino>0x51</midino>
                <on>0x00</on>
                <off>0x7F</off>
                <maximum>0</maximum>
            </output>
            <output>
                <group>[Channel2]</group>
                <key>hotcue_4_activate</key>
                <description>[Channel2],hotcue_4_activate</description>
                <status>0xB0</status>
                <midino>0x55</midino>
                <on>0x00</on>
                <off>0x7F</off>
                <maximum>0</maximum>
            </output>
            <output>
                <group>[Channel2]</group>
                <key>hotcue_5_activate</key>
                <description>[Channel2],hotcue_5_activate</description>
                <status>0xB0</status>
                <midino>0x4B</midino>
                <on>0x00</on>
                <off>0x7F</off>
                <maximum>0</maximum>
            </output>
            <output>
                <group>[Channel2]</group>
                <key>hotcue_6_activate</key>
                <description>[Channel2],hotcue_6_activate</description>
                <status>0xB0</status>
                <midino>0x4F</midino>
                <on>0x00</on>
                <off>0x7F</off>
                <maximum>0</maximum>
            </output>
            <output>
                <group>[Channel2]</group>
                <key>hotcue_7_activate</key>
                <description>[Channel2],hotcue_7_activate</description>
                <status>0xB0</status>
                <midino>0x53</midino>
                <on>0x00</on>
                <off>0x7F</off>
                <maximum>0</maximum>
            </output>
            <output>
                <group>[Channel2]</group>
                <key>hotcue_8_activate</key>
                <description>[Channel2],hotcue_8_activate</description>
                <status>0xB0</status>
                <midino>0x57</midino>
                <on>0x00</on>
                <off>0x7F</off>
                <maximum>0</maximum>
            </output>
            <output>
                <group>[Channel2]</group>
                <key>play</key>
                <description>[Channel2],play</description>
                <status>0xB0</status>
                <midino>0x29</midino>
                <on>0x00</on>
                <off>0x7F</off>
                <maximum>0</maximum>
            </output>
            <output>
                <group>[Channel2]</group>
                <key>play</key>
                <description>Play (R)</description>
                <status>0x90</status>
                <midino>0x2D</midino>
                <on>0x00</on>
                <off>0x7F</off>
                <maximum>0</maximum>
            </output>
            <output>
                <group>[Channel2]</group>
                <key>sync_enabled</key>
                <description>[Channel2],sync_enabled</description>
                <status>0xB0</status>
                <midino>0x2B</midino>
                <on>0x00</on>
                <off>0x7F</off>
                <maximum>0</maximum>
            </output>
            <output>
                <group>[EffectRack1_EffectUnit1]</group>
                <key>group_[Channel1]_enable</key>
                <description>FX-(L)(L)</description>
                <status>0xB0</status>
                <midino>0x14</midino>
                <on>0x00</on>
                <off>0x7F</off>
                <maximum>0</maximum>
            </output>
            <output>
                <group>[EffectRack1_EffectUnit1]</group>
                <key>group_[Channel2]_enable</key>
                <description>FX-(R)(L)</description>
                <status>0xB0</status>
                <midino>0x15</midino>
                <on>0x00</on>
                <off>0x7F</off>
                <maximum>0</maximum>
            </output>
            <output>
                <group>[EffectRack1_EffectUnit2]</group>
                <key>group_[Channel1]_enable</key>
                <description>FX-(L)(R)</description>
                <status>0xB0</status>
                <midino>0x16</midino>
                <on>0x00</on>
                <off>0x7F</off>
                <maximum>0</maximum>
            </output>
            <output>
                <group>[EffectRack1_EffectUnit2]</group>
                <key>group_[Channel2]_enable</key>
                <description>FX-(R)(R)</description>
                <status>0xB0</status>
                <midino>0x17</midino>
                <on>0x00</on>
                <off>0x7F</off>
                <maximum>0</maximum>
            </output>
            <output>
                <group>[EqualizerRack1_[Channel1]_Effect1]</group>
                <key>button_parameter1</key>
                <description>FX2 (L) Button Light</description>
                <status>0xB0</status>
                <midino>0x0C</midino>
                <maximum>0</maximum>
            </output>
            <output>
                <group>[EqualizerRack1_[Channel1]_Effect1]</group>
                <key>button_parameter2</key>
                <description>FX1 (L) Button Light</description>
                <status>0xB0</status>
                <midino>0x0A</midino>
                <maximum>0</maximum>
            </output>
            <output>
                <group>[EqualizerRack1_[Channel1]_Effect1]</group>
                <key>button_parameter3</key>
                <description>FX (L) Button Light</description>
                <status>0xB0</status>
                <midino>0x08</midino>
                <maximum>0</maximum>
            </output>
            <output>
                <group>[EqualizerRack1_[Channel2]_Effect1]</group>
                <key>button_parameter1</key>
                <description>FX2 (R) Button Light</description>
                <status>0xB0</status>
                <midino>0x0D</midino>
                <maximum>0</maximum>
            </output>
            <output>
                <group>[EqualizerRack1_[Channel2]_Effect1]</group>
                <key>button_parameter2</key>
                <description>FX1 (R) Button Light</description>
                <status>0xB0</status>
                <midino>0x0B</midino>
                <maximum>0</maximum>
            </output>
            <output>
                <group>[EqualizerRack1_[Channel2]_Effect1]</group>
                <key>button_parameter3</key>
                <description>FX (R) Button Light</description>
                <status>0xB0</status>
                <midino>0x09</midino>
                <maximum>0</maximum>
            </output>
            <output>
                <group>[QuickEffectRack1_[Channel1]_Effect1]</group>
                <key>enabled</key>
                <description>FX3 Button Light - QuickFX (L)</description>
                <status>0xB0</status>
                <midino>0x0E</midino>
                <on>0x00</on>
                <off>0x7F</off>
                <maximum>0</maximum>
            </output>
            <output>
                <group>[QuickEffectRack1_[Channel2]_Effect1]</group>
                <key>enabled</key>
                <description>FX3 Button Light - QuickFX (R)</description>
                <status>0xB0</status>
                <midino>0x0F</midino>
                <on>0x00</on>
                <off>0x7F</off>
                <maximum>0</maximum>
            </output>
        </outputs>
    </controller>
</MixxxControllerPreset>
